Fecha,Total Viajeros,Viajeros Residentes en España,Viajeros Residentes en el Extranjero,Total Pernoctaciones,Pernoctaciones Residentes en España,Pernoctaciones Residentes en el Extranjero,Días de estancia media,Número de establecimientos abiertos estimados,Número de plazas estimadas,Grado de ocupación por plazas,Personal empleado,Ingresos por habitación disponible (RevPAR),Evolución interanual Viajeros,Evolución interanual Viajeros Españoles,Evolución interanual Viajeros Extranjeros,Variación Anual IPC Servicios de Alojamiento
2024-10-01,602997,164584,438413,2190159,356124,1834036,3.63,661,102380,67.55,17879,101.25,-3.27%,-14.43%,1.71%,7.7
2024-09-01,615246,186785,428461,2336342,480451,1855891,3.8,683,106813,71.39,19431,149.48,-3.36%,-9.27%,-0.53%,9.1
2024-08-01,696239,288197,408043,2766195,931876,1834319,3.97,670,105652,79.53,19649,163.45,-3.27%,-7.19%,-0.29%,3.6
2024-07-01,648908,255924,392984,2508185,744573,1763613,3.87,671,105253,73.12,18824,137.09,-5.91%,-15.69%,1.78%,2.8
2024-06-01,635270,234652,400618,2242155,539943,1702212,3.53,658,103750,69.55,17980,114.56,2.63%,-4.99%,7.70%,5.0
2024-05-01,662252,199347,462905,2258507,435035,1823471,3.41,666,102068,69.66,17749,106.29,5.98%,8.88%,4.77%,5.7
2024-04-01,605359,182734,422625,1967867,392049,1575818,3.25,667,99493,64.67,15997,84.86,0.62%,-13.70%,8.40%,5.5
2024-03-01,512816,210249,302567,1722181,492825,1229356,3.36,638,94712,57.97,14397,71.75,10.59%,5.02%,14.82%,10.1
2024-02-01,371372,159104,212267,1173393,330766,842627,3.16,556,74866,53.5,11492,57.64,18.50%,5.17%,30.93%,9.6
2024-01-01,283501,109848,173654,845227,201362,643864,2.98,500,61776,43.8,9919,50.09,7.13%,-6.18%,17.69%,5.3
2023-12-01,326979,152494,174485,958292,314414,643877,2.93,535,68248,44.85,10970,57.52,15.04%,1.39%,30.39%,6.2
2023-11-01,375945,147878,228067,1212692,312518,900175,3.23,575,76869,52.18,12079,64.06,23.50%,2.40%,42.54%,7.9
2023-10-01,626954,192948,434007,2184382,418349,1766033,3.48,686,103248,66.76,17411,96.1,16.15%,5.28%,21.74%,9.3
2023-09-01,639846,205989,433856,2312615,511431,1801184,3.61,703,106006,71.03,18718,114.77,3.17%,-8.41%,9.75%,9.0
2023-08-01,719415,306957,412458,2782987,935815,1847172,3.87,715,106569,79.35,19325,155.54,8.13%,-4.64%,20.10%,5.8
2023-07-01,693528,307459,386068,2580880,837445,1743435,3.72,693,105804,74.9,18803,136.08,1.05%,-8.22%,9.89%,7.0
2023-06-01,587899,218532,369367,2192655,552610,1640045,3.73,704,104561,67.58,18007,108.78,-3.81%,-15.53%,4.78%,7.0
2023-05-01,613658,180022,433636,2101341,396202,1705139,3.42,699,100134,66.61,17251,93.75,3.90%,-16.78%,15.84%,13.4
2023-04-01,590876,211032,379844,1911674,497586,1414088,3.24,628,93419,66.75,15233,88.38,9.10%,-5.83%,19.64%,8.1
2023-03-01,459338,200271,259067,1370903,432300,938602,2.98,639,81760,53.75,12499,64.96,27.31%,19.34%,34.24%,12.1
2023-02-01,317641,153124,164517,942910,309195,633716,2.97,527,66541,50.13,9624,51.68,10.41%,-6.39%,32.55%,12.0
2023-01-01,265918,115875,150043,769113,233545,535569,2.89,505,58026,42.52,8669,43.95,47.00%,30.27%,63.18%,7.2
2022-12-01,281166,147039,134127,781725,324377,457348,2.78,469,57875,43.2,9153,52.75,20.31%,4.03%,45.23%,5.5
2022-11-01,301269,143297,157973,941964,311871,630093,3.13,484,65604,47.57,11136,52.64,8.10%,5.62%,10.45%,13.0
2022-10-01,537555,184253,353303,1910205,411184,1499021,3.55,588,94162,64.21,16141,81.13,18.13%,-1.33%,31.67%,12.9
2022-09-01,620194,224895,395299,2155199,572890,1582309,3.48,643,102048,69.15,17915,105.29,30.06%,-7.15%,68.47%,11.9
2022-08-01,665325,321902,343423,2672820,1054152,1618668,4.02,645,102334,78.86,18897,147.71,6.99%,-20.26%,57.43%,9.7
2022-07-01,686330,334995,351335,2529662,954203,1575458,3.69,640,102002,75.99,18404,128.77,23.97%,-11.04%,98.39%,13.0
2022-06-01,611199,258698,352500,2161308,623015,1538293,3.54,623,100324,69.42,17349,100.93,77.47%,2.13%,286.95%,23.5
2022-05-01,590649,216312,374336,2025618,511654,1513964,3.43,599,98995,64.79,16449,83.54,231.75%,75.09%,586.87%,27.6
2022-04-01,541596,224104,317492,1815329,565287,1250042,3.35,587,94453,62.28,14506,75.0,577.65%,307.07%,1176.66%,34.8
2022-03-01,360805,167811,192994,1153222,403973,749249,3.2,516,77472,47.6,10971,50.37,416.93%,215.89%,1057.39%,17.7
2022-02-01,287697,163580,124117,783064,341683,441381,2.73,444,62608,44.13,8225,43.28,585.07%,405.58%,1187.52%,12.0
2022-01-01,180901,88951,91950,487481,173183,314297,2.7,391,54265,28.93,7207,28.67,292.32%,156.38%,705.45%,9.4
2021-12-01,233692,141339,92352,589381,286390,302991,2.52,405,53030,35.57,7806,40.54,392.67%,319.34%,572.68%,20.1
2021-11-01,278701,135672,143029,817237,280781,536456,2.93,428,63539,42.66,9710,47.39,604.70%,385.43%,1133.01%,11.4
2021-10-01,455056,186737,268318,1577397,456639,1120758,3.47,498,87584,57.18,13791,70.97,318.98%,146.78%,714.49%,10.0
2021-09-01,476861,242224,234637,1760005,719507,1040499,3.69,520,97126,59.29,15034,82.02,198.74%,112.64%,413.33%,13.1
2021-08-01,621842,403705,218137,2366398,1397762,968636,3.81,525,97547,74.63,16098,124.77,76.79%,57.68%,127.93%,12.2
2021-07-01,553645,376551,177094,1872973,1183421,689553,3.38,475,96022,60.81,14516,84.71,118.50%,121.26%,112.84%,10.6
2021-06-01,344395,253298,91097,919680,611557,308123,2.67,440,75881,39.75,10897,47.83,806.88%,651.72%,2028.43%,-7.5
2021-05-01,178043,123544,54499,391295,230501,160794,2.2,351,39007,32.17,5246,38.47,,,,-13.5
2021-04-01,79923,55053,24869,158526,90230,68297,1.98,302,27813,18.93,3060,28.39,,,,-11.5
2021-03-01,69798,53123,16675,130474,86531,43943,1.87,297,27919,15.05,2652,17.4,-60.34%,-29.47%,-83.43%,-9.8
2021-02-01,41995,32355,9640,77619,52443,25176,1.85,237,24099,11.49,1889,11.29,-88.89%,-82.12%,-95.11%,-7.9
2021-01-01,46111,34695,11416,90610,59745,30865,1.97,225,25823,11.31,2471,10.46,-84.18%,-70.84%,-93.38%,0.1
2020-12-01,47434,33705,13729,84974,56225,28749,1.79,212,25777,10.62,2389,,-83.90%,-76.69%,-90.85%,-4.8
2020-11-01,39549,27949,11600,79773,51578,28195,2.02,257,28142,9.44,2898,,-87.95%,-80.26%,-93.79%,-6.2
2020-10-01,108611,75669,32943,235045,144671,90375,2.16,366,40087,18.8,4193,,-79.76%,-52.38%,-91.28%,-6.3
2020-09-01,159624,113915,45709,428838,283577,145262,2.69,436,62506,22.55,7387,,-73.81%,-39.31%,-89.16%,-10.9
2020-08-01,351738,256034,95705,1106360,742823,363537,3.15,474,77276,44.51,9816,,-48.43%,-19.07%,-73.83%,-4.0
2020-07-01,253388,170182,83206,728467,433502,294965,2.87,435,69275,33.28,8421,,-60.90%,-38.89%,-77.48%,-3.1
2020-06-01,37976,33696,4280,71841,63144,8697,1.89,144,16769,14.18,1654,,-93.81%,-84.65%,-98.91%,5.1
2020-05-01,0,0,0,0,0,0,0.0,0,0,0.0,0,,-100.00%,-100.00%,-100.00%,-0.5
2020-04-01,0,0,0,0,0,0,0.0,0,0,0.0,0,,-100.00%,-100.00%,-100.00%,-0.3
2020-03-01,175972,75319,100653,606040,187781,418259,3.44,373,59890,32.57,7526,,-57.51%,-55.00%,-59.22%,0.6
2020-02-01,377960,180952,197008,1146360,393482,752878,3.03,459,73221,53.6,10382,,20.69%,25.11%,16.89%,4.3
2020-01-01,291494,118980,172514,870774,241129,629646,2.99,429,61780,45.28,9440,,15.57%,17.15%,14.51%,2.5
2019-12-01,294612,144623,149989,836158,309464,526694,2.84,448,59649,44.92,9305,,12.54%,17.46%,8.16%,0.0
2019-11-01,328244,141564,186681,1028176,302882,725294,3.13,511,68704,49.7,10850,,12.64%,18.08%,8.83%,2.6
2019-10-01,536722,158911,377811,1962760,349271,1613489,3.66,580,98354,63.35,16153,,5.14%,8.16%,3.92%,-0.5
2019-09-01,609398,187689,421709,2231850,512241,1719609,3.66,622,101645,72.08,17826,,6.86%,18.14%,2.51%,1.1
2019-08-01,682101,316349,365752,2730223,1095971,1634252,4.0,617,101757,81.8,18921,,7.63%,11.08%,4.81%,0.8
2019-07-01,647994,278502,369492,2501651,857409,1644242,3.86,608,101143,76.0,18210,,7.18%,16.91%,0.86%,-0.3
2019-06-01,613455,219471,393984,2169935,521363,1648572,3.54,597,99342,70.6,17034,,5.19%,14.88%,0.47%,2.1
2019-05-01,589935,184529,405405,1986844,412277,1574567,3.37,595,97832,64.47,15763,,5.24%,17.16%,0.58%,5.1
2019-04-01,539316,182074,357242,1792826,482522,1310304,3.32,577,93619,62.46,14296,,6.20%,10.75%,4.02%,4.1
2019-03-01,414188,167362,246826,1380072,434823,945249,3.33,524,81450,54.28,11888,,1.94%,-1.60%,4.48%,0.5
2019-02-01,313178,144639,168539,954430,306169,648260,3.05,475,70326,48.0,9943,,7.90%,9.58%,6.49%,-0.3
2019-01-01,252215,101564,150651,798745,234413,564332,3.17,427,57778,44.39,8629,,3.80%,2.95%,4.38%,0.4
2018-12-01,261792,123124,138668,776963,285943,491020,2.97,415,56612,43.98,8499,,-2.44%,-7.07%,2.07%,1.6
2018-11-01,291418,119888,171529,967359,257982,709377,3.32,470,64861,49.46,9945,,0.01%,-2.00%,1.46%,2.9
2018-10-01,510488,146921,363567,1901829,350723,1551106,3.73,585,97699,61.78,15071,,-3.58%,-7.58%,-1.87%,6.6
2018-09-01,570254,158873,411381,2163227,422828,1740399,3.79,622,100369,70.61,16689,,-1.15%,-3.32%,-0.29%,4.4
2018-08-01,633747,284784,348963,2613242,1006369,1606874,4.12,622,100397,78.75,17445,,2.90%,14.96%,-5.22%,1.2
2018-07-01,604564,238218,366346,2434957,756131,1678826,4.03,614,99438,74.8,16981,,0.69%,2.41%,-0.40%,2.7
2018-06-01,583174,191045,392129,2143372,450927,1692444,3.68,617,98392,70.87,16273,,1.78%,2.59%,1.38%,2.0
2018-05-01,560577,157499,403078,1976864,355660,1621204,3.53,617,97818,64.02,15468,,1.25%,0.48%,1.55%,1.6
2018-04-01,507835,164400,343435,1717154,423034,1294120,3.38,600,94874,59.56,13791,,-5.00%,-14.03%,0.04%,-0.4
2018-03-01,406317,170075,236241,1419426,432625,986801,3.49,546,83504,54.39,11864,,12.19%,24.53%,4.73%,6.7
2018-02-01,290259,131998,158261,929302,279108,650194,3.2,432,67693,48.78,9346,,3.20%,7.37%,-0.05%,5.6
2018-01-01,242989,98656,144332,787257,222341,564916,3.24,410,58029,43.57,7939,,8.89%,9.24%,8.65%,3.3
2017-12-01,268346,132491,135854,778632,304007,474625,2.9,455,57169,43.65,8416,,11.92%,9.40%,14.48%,2.8
2017-11-01,291393,122339,169054,969598,266323,703276,3.33,486,63523,50.66,9842,,7.43%,12.43%,4.08%,3.6
2017-10-01,529461,158966,370495,1994345,368102,1626243,3.77,601,95571,66.36,14980,,1.85%,-4.76%,4.98%,3.3
2017-09-01,576893,164335,412558,2213173,428440,1784732,3.84,636,98756,73.54,16566,,1.84%,-3.97%,4.35%,5.2
2017-08-01,615915,247717,368198,2606782,837983,1768799,4.23,619,98718,80.09,17305,,-1.13%,-9.62%,5.54%,5.1
2017-07-01,600442,232613,367828,2476361,707649,1768712,4.12,614,98662,76.58,16607,,-0.07%,-4.50%,2.95%,4.4
2017-06-01,572988,186214,386774,2162259,429937,1732322,3.77,601,97707,71.74,16021,,3.42%,-8.12%,10.08%,7.2
2017-05-01,553665,156748,396917,1954812,356038,1598774,3.53,615,97059,64.23,14874,,1.83%,-6.10%,5.35%,8.1
2017-04-01,534549,191239,343311,1847771,516751,1331019,3.46,598,93232,64.84,13691,,11.99%,18.76%,8.54%,10.2
2017-03-01,362153,136572,225581,1281601,362027,919573,3.54,545,77342,53.21,10612,,-2.44%,-14.42%,6.59%,-0.3
2017-02-01,281267,122933,158333,919408,277793,641615,3.27,453,65871,49.55,8822,,0.02%,-13.11%,13.32%,5.4
2017-01-01,223154,90312,132842,737402,198720,538682,3.3,436,56513,41.9,7469,,2.42%,-9.16%,12.14%,5.0
2016-12-01,239770,121105,118666,766817,304571,462246,3.2,427,55912,43.94,7977,,-2.88%,-6.75%,1.42%,7.9
2016-11-01,271234,108809,162425,989824,287113,702711,3.65,480,62215,52.63,9098,,3.46%,-7.27%,12.16%,4.8
2016-10-01,519822,166917,352905,2021754,427310,1594444,3.89,624,95148,67.41,13945,,8.56%,5.80%,9.91%,4.9
2016-09-01,566483,171131,395352,2224283,481887,1742396,3.93,646,98897,73.44,15352,,2.71%,-9.42%,9.03%,4.1
2016-08-01,622950,274083,348867,2705090,956516,1748574,4.34,647,99255,81.52,16333,,-1.17%,-9.13%,6.14%,-5.8
2016-07-01,600871,243573,357298,2500303,763522,1736782,4.16,643,98316,77.23,15758,,5.49%,-9.99%,19.49%,-1.4
2016-06-01,554043,202678,351365,2119188,497136,1622052,3.82,643,98492,69.05,14851,,3.18%,-8.67%,11.52%,0.1
2016-05-01,543691,166936,376755,1956480,398288,1558193,3.6,630,97678,63.39,13871,,4.59%,-3.44%,8.59%,2.3
2016-04-01,477334,161027,316307,1648636,402988,1245647,3.45,623,92669,58.49,12582,,9.81%,-2.80%,17.57%,2.6
2016-03-01,371217,159575,211642,1361205,463382,897823,3.67,567,79496,54.63,10752,,18.83%,13.84%,22.88%,16.0
2016-02-01,281208,141480,139728,963227,350860,612367,3.43,466,65786,50.22,8580,,9.90%,8.31%,11.55%,10.4
2016-01-01,217875,99419,118456,770149,256851,513298,3.53,434,57483,42.97,7682,,9.18%,6.96%,11.11%,7.5
2015-12-01,246875,129868,117007,751596,308025,443571,3.04,452,55988,43.08,8015,,8.15%,5.75%,10.94%,3.6
2015-11-01,262157,117338,144819,871903,232403,639499,3.33,486,61303,47.06,8628,,10.48%,5.24%,15.13%,4.1
2015-10-01,478852,157760,321093,1852463,384242,1468222,3.87,603,93349,63.04,12994,,6.47%,-0.41%,10.21%,5.6
2015-09-01,551552,188930,362623,2137434,517010,1620425,3.88,642,97012,72.38,14566,,3.98%,-4.26%,8.86%,3.8
2015-08-01,630300,301614,328686,2640376,1059825,1580552,4.19,637,97290,81.45,15259,,1.90%,-7.91%,12.93%,3.3
2015-07-01,569619,270610,299009,2393200,870030,1523169,4.2,632,97111,75.15,14649,,6.83%,-0.55%,14.51%,4.4
2015-06-01,536989,221914,315075,2013310,568920,1444390,3.75,616,95505,68.16,13968,,6.26%,0.76%,10.50%,7.3
2015-05-01,519820,172877,346943,1821429,403079,1418351,3.5,609,94182,61.5,12903,,6.68%,-2.47%,11.91%,4.3
2015-04-01,434689,165661,269028,1541329,483151,1058178,3.55,597,89824,56.45,11613,,-5.14%,-4.57%,-5.48%,1.6
2015-03-01,312404,140173,172231,1146083,432498,713585,3.67,538,74588,49.24,9301,,10.54%,22.96%,2.14%,2.9
2015-02-01,255885,130628,125257,855428,327093,528335,3.34,489,64709,46.96,7997,,3.86%,2.78%,5.01%,4.0
2015-01-01,199556,92946,106610,703591,249467,454124,3.53,434,57735,39.17,7403,,10.07%,14.96%,6.14%,1.9
2014-12-01,228274,122805,105469,693423,280412,413011,3.04,469,59225,37.61,7668,,10.32%,10.10%,10.57%,1.6
2014-11-01,237281,111498,125783,817001,285184,531817,3.44,505,63391,42.76,8236,,1.59%,5.87%,-1.92%,1.4
2014-10-01,449754,158416,291338,1714350,408076,1306274,3.81,604,90483,60.44,12435,,9.12%,15.32%,6.02%,4.2
2014-09-01,530441,197346,333096,2079231,594120,1485111,3.92,633,96556,70.6,14227,,6.14%,1.80%,8.89%,4.5
2014-08-01,618559,327506,291054,2622729,1186093,1436636,4.24,633,97574,81.28,15020,,2.98%,1.54%,4.65%,2.0
2014-07-01,533212,272100,261113,2269242,926228,1343014,4.26,633,97483,71.3,14554,,1.83%,5.52%,-1.74%,2.3
2014-06-01,505375,220238,285136,1949214,608949,1340265,3.86,638,96784,65.48,13620,,2.57%,6.00%,0.06%,3.4
2014-05-01,487291,177259,310032,1751782,463241,1288540,3.59,628,94422,59.26,12825,,-2.75%,4.09%,-6.27%,5.3
2014-04-01,458226,173599,284627,1563183,488803,1074381,3.41,608,89105,57.81,11556,,13.74%,18.41%,11.07%,7.2
2014-03-01,282613,113997,168616,1057475,320728,736746,3.74,530,71244,47.73,8733,,-14.16%,-23.84%,-6.09%,-2.5
2014-02-01,246372,127096,119276,861984,324867,537116,3.5,504,65886,46.53,7961,,18.39%,25.21%,11.89%,-1.9
2014-01-01,181294,80852,100442,681592,222865,458726,3.76,467,57168,38.37,6875,,9.87%,4.61%,14.51%,-4.2
2013-12-01,206928,111537,95390,595366,245528,349838,2.88,462,55275,34.61,7137,,17.55%,21.34%,13.40%,0.4
2013-11-01,233565,105315,128249,752578,245967,506611,3.22,485,59529,41.97,7888,,13.43%,11.23%,15.30%,0.4
2013-10-01,412177,137373,274804,1611117,330705,1280412,3.91,576,87821,58.57,11823,,5.42%,-0.70%,8.77%,-1.0
2013-09-01,499760,193855,305905,2001469,556774,1444695,4.0,611,95851,68.73,13734,,5.20%,6.27%,4.53%,-2.8
2013-08-01,600652,322535,278117,2564360,1198014,1366346,4.27,613,96337,80.97,14733,,7.38%,5.47%,9.69%,0.9
2013-07-01,523604,257871,265733,2227470,865157,1362313,4.25,604,95896,71.33,13944,,3.02%,4.26%,1.85%,0.4
2013-06-01,492722,207763,284960,1906305,554343,1351962,3.87,600,94490,65.4,13199,,3.10%,-4.71%,9.65%,0.0
2013-05-01,501082,170295,330787,1728498,400733,1327765,3.45,597,93535,58.94,12194,,16.71%,21.50%,14.39%,-0.9
2013-04-01,402860,146608,256252,1342048,380924,961123,3.33,569,88297,50.34,10855,,1.10%,-9.20%,8.11%,-7.7
2013-03-01,329245,149688,179557,1129574,411966,717608,3.43,528,73044,49.53,9109,,12.86%,21.56%,6.50%,0.0
2013-02-01,208103,101504,106599,742181,267869,474312,3.57,468,61435,43.0,7562,,-9.77%,-20.46%,3.48%,-4.0
2013-01-01,165005,77288,87716,571534,193879,377655,3.46,436,55331,33.24,6711,,-8.06%,-12.38%,-3.88%,-0.8
2012-12-01,176033,91918,84115,533778,224091,309686,3.03,444,54276,31.65,6968,,-7.37%,-13.12%,-0.15%,-1.2
2012-11-01,205914,94682,111232,668962,214543,454419,3.25,481,59316,37.43,7774,,-7.35%,-11.12%,-3.88%,1.7
2012-10-01,390987,138348,252639,1462455,330955,1131500,3.74,588,84983,55.06,11796,,-2.94%,-13.31%,3.86%,0.2
2012-09-01,475062,182410,292652,1817735,528635,1289100,3.83,615,91012,65.65,13974,,0.99%,-5.97%,5.89%,1.9
2012-08-01,559345,305796,253550,2309293,1088507,1220787,4.13,619,92364,76.8,14740,,4.73%,-1.29%,13.05%,0.2
2012-07-01,508244,247327,260917,2135268,834177,1301092,4.2,629,92758,71.18,14260,,-2.52%,-8.71%,4.18%,0.7
2012-06-01,477915,218036,259878,1784782,528723,1256059,3.73,619,91365,63.85,13251,,1.86%,-1.82%,5.17%,1.6
2012-05-01,429325,140160,289166,1490847,329381,1161466,3.47,617,90687,52.68,12272,,-0.83%,-15.41%,8.22%,0.8
2012-04-01,398488,161462,237025,1411695,469991,941705,3.54,599,88100,52.97,11781,,-6.13%,-11.98%,-1.69%,4.0
2012-03-01,291730,123135,168595,1041012,324475,716538,3.57,546,75423,44.36,9741,,-2.97%,-10.18%,3.07%,-1.2
2012-02-01,230628,127613,103015,786984,320250,466733,3.41,497,65984,40.98,8042,,-1.48%,-7.45%,7.08%,2.7
2012-01-01,179470,88211,91259,620121,220580,399541,3.46,461,58704,33.99,7302,,13.01%,6.89%,19.62%,0.6
2011-12-01,190040,105796,84244,595157,259521,335637,3.13,455,59787,32.03,7690,,3.88%,3.63%,4.20%,1.3
2011-11-01,222243,106522,115721,775215,263322,511893,3.49,480,64147,40.19,8881,,3.83%,3.43%,4.20%,-0.9
2011-10-01,402835,159591,243244,1403191,334551,1068640,3.48,559,86030,52.26,12300,,5.14%,-1.81%,10.27%,1.7
2011-09-01,470382,193998,276384,1816074,550503,1265571,3.86,601,89733,66.65,14020,,7.02%,-1.18%,13.65%,1.6
2011-08-01,534062,309789,224273,2269353,1159711,1109643,4.25,607,91579,76.66,15087,,-0.94%,-2.74%,1.67%,0.0
2011-07-01,521373,270936,250437,2117031,906438,1210593,4.06,590,90409,72.63,14575,,3.86%,0.53%,7.72%,0.8
2011-06-01,469183,222068,247114,1682337,601689,1080648,3.59,588,89566,61.81,13091,,14.18%,5.02%,23.88%,0.9
2011-05-01,432903,165699,267203,1433226,374362,1058864,3.31,582,89128,51.58,12343,,7.50%,-6.17%,18.18%,2.8
2011-04-01,424530,183431,241099,1442591,527877,914714,3.4,572,85861,55.5,11984,,13.01%,6.08%,18.93%,2.5
2011-03-01,300672,137093,163579,1039567,349617,689950,3.46,505,76386,43.74,10080,,9.57%,-4.72%,25.31%,0.5
2011-02-01,234089,137886,96203,765988,331796,434191,3.27,450,67992,40.08,8768,,7.68%,4.65%,12.34%,-3.3
2011-01-01,158815,82524,76291,583300,212696,370604,3.67,438,63122,29.77,7829,,2.61%,-1.89%,7.97%,-1.7
2010-12-01,182940,102088,80852,568256,250310,317946,3.11,461,63683,28.74,8110,,-6.60%,-14.45%,5.64%,0.8
2010-11-01,214047,102988,111059,739579,278581,460998,3.46,475,64985,37.83,8786,,0.04%,-6.92%,7.50%,0.2
2010-10-01,383130,162541,220589,1353229,412959,940270,3.53,546,85302,50.94,11985,,2.08%,-3.44%,6.56%,1.1
2010-09-01,439517,196321,243195,1693430,631750,1061680,3.85,589,90825,61.42,13484,,2.12%,1.44%,2.67%,0.9
2010-08-01,539107,318511,220596,2292208,1271305,1020902,4.25,607,92330,76.61,14534,,1.18%,1.02%,1.42%,-1.6
2010-07-01,501989,269497,232491,2044538,956959,1087580,4.07,588,90233,70.63,13806,,1.53%,-1.10%,4.76%,-0.4
2010-06-01,410930,211451,199480,1539659,603365,936294,3.75,570,88416,57.1,12699,,-5.88%,-4.66%,-7.15%,-0.2
2010-05-01,402685,176587,226098,1381617,493719,887898,3.43,568,88179,50.23,11900,,-0.07%,4.34%,-3.26%,-1.3
2010-04-01,375643,172923,202719,1278241,549279,728962,3.4,553,86114,49.12,11311,,2.92%,-3.16%,8.75%,-1.6
2010-03-01,274419,143883,130536,990132,409116,581016,3.61,498,75851,41.87,9835,,-2.68%,2.31%,-7.64%,0.2
2010-02-01,217392,131754,85638,747241,334532,412709,3.44,480,70702,37.61,8864,,-8.00%,-4.61%,-12.77%,1.8
2010-01-01,154773,84110,70662,595322,231500,363823,3.85,451,67523,28.4,8254,,-10.21%,-11.41%,-8.74%,-0.7
2009-12-01,195871,119334,76537,616291,269815,346476,3.15,481,65966,30.05,8380,,-9.58%,-7.69%,-12.39%,-0.6
2009-11-01,213955,110641,103314,749727,286576,463151,3.5,505,69813,35.69,9279,,-14.05%,-13.01%,-15.14%,-2.1
2009-10-01,375335,168332,207003,1355371,393031,962340,3.61,572,88174,49.28,12155,,-9.70%,-2.94%,-14.53%,-1.6
2009-09-01,430393,193532,236861,1671661,580202,1091459,3.88,600,93081,59.32,13518,,-18.03%,-13.39%,-21.46%,-0.2
2009-08-01,532799,315302,217498,2278450,1185027,1093424,4.28,618,94521,74.91,14751,,-14.81%,-9.57%,-21.40%,0.9
2009-07-01,494431,272500,221931,1992638,876164,1116474,4.03,604,93519,66.98,14105,,-10.61%,-6.29%,-15.40%,0.6
2009-06-01,436616,221779,214837,1664115,590717,1073398,3.81,599,92782,58.92,13026,,-13.56%,-6.69%,-19.65%,0.4
2009-05-01,402948,169237,233711,1397771,419228,978542,3.47,581,91745,48.89,12317,,-18.54%,-18.81%,-18.34%,0.9
2009-04-01,364990,178574,186416,1305627,537675,767951,3.58,576,88759,48.78,11893,,-13.55%,-1.84%,-22.41%,3.6
2009-03-01,281973,140639,141334,1007525,364137,643388,3.57,520,79741,40.68,10524,,-27.97%,-30.75%,-24.98%,-3.7
2009-02-01,236303,138127,98177,788347,320338,468009,3.34,494,76794,36.57,10230,,-18.72%,-17.29%,-20.66%,0.3
2009-01-01,172372,94938,77433,673139,249384,423755,3.91,474,72805,29.79,9870,,-24.71%,-19.39%,-30.35%,1.1
2008-12-01,216633,129270,87363,729507,313669,415838,3.37,483,72618,32.32,10545,,-11.55%,-6.71%,-17.85%,0.8
2008-11-01,248930,127185,121745,854967,323804,531162,3.43,496,74264,38.3,11264,,-7.86%,-13.33%,-1.36%,3.5
2008-10-01,415631,173427,242204,1476416,415090,1061326,3.55,570,88126,53.73,13912,,-1.56%,2.37%,-4.19%,4.7
2008-09-01,525037,223450,301587,1874639,625677,1248962,3.57,584,91791,67.4,15588,,3.16%,1.92%,4.10%,3.6
2008-08-01,625399,348673,276726,2404678,1122035,1282643,3.85,585,91988,81.05,16733,,0.85%,2.90%,-1.61%,5.0
2008-07-01,553094,290779,262315,2179615,882641,1296974,3.94,587,91371,74.4,15961,,2.57%,3.81%,1.24%,3.1
2008-06-01,505082,237691,267391,1777734,589590,1188144,3.52,578,89613,64.89,15602,,-1.73%,-2.43%,-1.09%,3.9
2008-05-01,494646,208444,286202,1681468,506766,1174702,3.4,576,89179,60.29,14937,,11.96%,17.31%,8.36%,5.2
2008-04-01,422188,181926,240262,1358104,440190,917914,3.22,565,87534,51.38,14191,,-3.70%,-11.14%,2.81%,-2.1
2008-03-01,391477,203089,188388,1310141,548418,761723,3.35,546,83437,50.38,13684,,10.91%,19.22%,3.15%,8.1
2008-02-01,290738,166996,123743,971991,377052,594939,3.34,510,75323,44.34,12224,,9.92%,14.81%,3.94%,1.4
2008-01-01,228939,117771,111169,811367,287899,523469,3.54,489,70896,36.84,11371,,10.27%,12.78%,7.73%,1.6
2007-12-01,244910,138567,106343,833979,364385,469594,3.41,500,69813,38.37,12123,,4.02%,2.80%,5.65%,1.7
2007-11-01,270173,146751,123423,904656,355750,548906,3.35,517,72048,41.74,12731,,10.89%,19.49%,2.14%,3.0
2007-10-01,422206,169415,252792,1490103,394752,1095351,3.53,570,81363,58.55,14671,,-0.71%,-12.52%,9.17%,0.6
2007-09-01,508949,219244,289705,1807027,599255,1207773,3.55,605,84643,69.91,16221,,7.97%,2.33%,12.67%,3.1
2007-08-01,620099,338834,281265,2376831,1139036,1237795,3.83,605,85456,85.64,16948,,11.21%,13.49%,8.58%,1.8
2007-07-01,539210,280100,259110,2094700,895021,1199679,3.88,602,86181,75.26,16408,,3.30%,-1.05%,8.46%,1.2
2007-06-01,513957,243611,270347,1744235,597329,1146906,3.39,577,84658,66.98,15365,,5.24%,5.71%,4.82%,1.5
2007-05-01,441798,177681,264117,1460295,429810,1030485,3.31,572,84329,55.26,14629,,-6.03%,-6.97%,-5.39%,1.9
2007-04-01,438427,204729,233698,1443674,559175,884498,3.29,573,82355,57.62,14166,,-0.78%,-4.13%,2.36%,2.7
2007-03-01,352973,170346,182628,1160849,400524,760325,3.29,515,74427,50.16,12680,,4.03%,7.71%,0.82%,3.1
2007-02-01,264503,145448,119055,879240,332958,546282,3.32,472,69594,44.99,11305,,4.06%,9.00%,-1.39%,4.3
2007-01-01,207614,104425,103190,786898,267813,519084,3.79,448,65674,38.42,11030,,7.93%,4.78%,11.32%,3.4
2006-12-01,235451,134798,100653,814581,341577,473004,3.46,491,65361,40.08,11263,,34.98%,34.56%,35.54%,1.9
2006-11-01,243648,122813,120835,849988,313936,536052,3.49,515,67272,42.02,11848,,13.22%,16.76%,9.84%,2.2
2006-10-01,425228,193660,231568,1445153,496412,948741,3.4,560,82504,56.02,14466,,25.92%,39.92%,16.19%,4.7
2006-09-01,471371,214244,257128,1743895,613292,1130603,3.7,594,85116,67.11,15589,,13.27%,14.81%,12.02%,3.1
2006-08-01,557601,298554,259047,2246049,1132229,1113820,4.03,610,86210,79.66,16305,,18.97%,12.86%,26.88%,3.4
2006-07-01,521970,283059,238910,2044668,900987,1143681,3.92,608,86076,73.53,15694,,20.81%,18.94%,23.10%,3.2
2006-06-01,488366,230457,257909,1729597,596796,1132801,3.54,578,82990,67.26,15014,,19.60%,16.00%,23.02%,4.6
2006-05-01,470138,190983,279155,1578159,488675,1089484,3.36,587,82834,60.79,13648,,16.56%,20.41%,14.06%,4.5
2006-04-01,441854,213552,228302,1443856,597950,845905,3.27,555,78478,60.46,12519,,25.90%,32.59%,20.22%,9.8
2006-03-01,339291,158148,181143,1150226,408614,741613,3.39,523,71048,51.9,11400,,18.14%,14.57%,21.43%,-4.0
2006-02-01,254174,133436,120738,837384,329995,507389,3.29,489,67058,44.26,10554,,11.01%,11.49%,10.48%,1.6
2006-01-01,192360,99663,92698,745309,271656,473653,3.87,450,62588,38.22,9739,,11.03%,23.53%,0.15%,2.0
2005-12-01,174439,100177,74262,698492,310373,388119,4.0,467,62065,36.06,9947,,-9.82%,-8.18%,-11.94%,1.2
2005-11-01,215195,105186,110009,813804,298530,515275,3.78,481,63405,42.57,10539,,4.36%,4.39%,4.32%,1.7
2005-10-01,337708,138407,199301,1405016,417547,987469,4.16,550,79802,56.06,12892,,-1.90%,0.46%,-3.47%,2.4
2005-09-01,416158,186614,229545,1780114,655155,1124959,4.28,576,84137,68.69,13914,,7.37%,8.13%,6.76%,1.8
2005-08-01,468697,264527,204169,2194827,1052443,1142383,4.68,590,85380,77.64,14569,,14.42%,15.84%,12.62%,2.3
2005-07-01,432066,237981,194085,1963066,895530,1067537,4.54,587,84797,70.01,14621,,19.73%,27.37%,11.54%,2.8
2005-06-01,408324,198671,209654,1640555,600605,1039950,4.02,568,81023,65.59,13564,,16.90%,20.30%,13.86%,1.1
2005-05-01,403338,158604,244734,1477074,451023,1026051,3.66,572,80820,58.16,12993,,17.76%,24.19%,13.94%,0.2
2005-04-01,350964,161064,189901,1220366,442073,778293,3.48,537,76412,52.33,12283,,6.11%,17.14%,-1.74%,-2.7
2005-03-01,287205,138035,149171,1109789,419398,690391,3.86,503,68526,51.72,11158,,6.98%,16.52%,-0.55%,10.7
2005-02-01,228972,119683,109289,862267,315128,547139,3.77,474,65937,46.34,10515,,5.14%,8.59%,1.62%,4.4
2005-01-01,173244,80681,92563,763361,259230,504131,4.41,452,61835,39.59,10109,,5.43%,7.53%,3.67%,4.8
2004-12-01,193432,109105,84327,740613,338688,401924,3.83,455,61649,38.54,9878,,8.39%,7.80%,9.17%,5.2
2004-11-01,206209,100760,105449,803360,300528,502832,3.9,494,64621,41.32,10870,,9.85%,5.37%,14.49%,4.2
2004-10-01,344238,137778,206460,1391676,431227,960449,4.04,555,78166,56.9,12859,,2.37%,6.41%,-0.16%,2.2
2004-09-01,387596,172584,215012,1619165,572201,1046963,4.18,567,79363,66.62,13615,,-1.37%,2.93%,-4.56%,1.8
2004-08-01,409644,228359,181285,1966812,965529,1001284,4.8,565,78092,77.01,13696,,-4.00%,5.74%,-13.99%,2.1
2004-07-01,360856,186846,174010,1712262,739760,972502,4.75,560,76789,68.79,13181,,-7.57%,0.82%,-15.16%,2.9
2004-06-01,349285,165143,184141,1486561,513114,973448,4.26,540,74826,64.9,12615,,-8.35%,3.62%,-16.95%,3.9
2004-05-01,342506,127707,214799,1342035,370694,971341,3.92,549,75361,57.02,12282,,-11.57%,-8.52%,-13.29%,4.4
2004-04-01,330768,137495,193273,1259061,458459,800602,3.81,525,74030,56.17,11916,,-3.44%,-2.31%,-4.24%,6.6
2004-03-01,268466,118469,149997,1096533,373824,722709,4.08,504,66585,52.85,10994,,3.46%,18.35%,-5.88%,1.1
2004-02-01,217771,110220,107551,901133,308652,592481,4.14,476,63529,48.72,10453,,11.93%,26.27%,0.27%,1.2
2004-01-01,164317,75028,89288,728967,243547,485420,4.44,447,58436,40.14,9655,,7.99%,7.64%,8.28%,1.4
2003-12-01,178453,101210,77244,679084,271860,407223,3.81,442,58641,37.22,9607,,11.95%,30.52%,-5.63%,3.0
2003-11-01,187725,95625,92100,761117,278317,482800,4.05,465,58375,43.37,9814,,0.04%,22.43%,-15.93%,2.3
2003-10-01,336273,129483,206790,1378309,393632,984677,4.1,520,72328,60.92,11969,,14.16%,32.92%,4.89%,3.5
2003-09-01,392970,167677,225293,1680144,554625,1125519,4.28,545,76001,71.72,13177,,12.52%,21.77%,6.50%,3.6
2003-08-01,426725,215961,210764,2091667,884837,1206830,4.9,574,76757,81.67,13645,,10.52%,14.47%,6.76%,5.2
2003-07-01,390425,185324,205101,1858467,722589,1135878,4.76,573,76539,74.0,13314,,14.40%,16.34%,12.69%,1.1
2003-06-01,381100,159373,221728,1624172,460182,1163990,4.26,556,74980,70.13,12650,,14.40%,21.10%,10.03%,0.4
2003-05-01,387319,139596,247722,1543249,367458,1175791,3.98,538,74070,66.38,12111,,12.86%,14.51%,11.95%,1.0
2003-04-01,342563,140741,201822,1435079,476302,958778,4.19,536,71591,65.71,11620,,7.22%,26.21%,-2.96%,2.8
2003-03-01,259480,100104,159376,1127598,303295,824303,4.35,487,62952,57.36,10317,,-15.51%,-23.19%,-9.85%,1.3
2003-02-01,194552,87286,107266,859539,229967,629571,4.42,457,60124,50.8,9756,,1.01%,-1.53%,3.17%,3.2
2003-01-01,152162,69703,82459,679070,184060,495010,4.46,446,55093,39.63,9200,,15.63%,12.99%,17.97%,2.9
2002-12-01,159401,77545,81856,601240,201899,399341,3.77,438,52488,36.77,9058,,6.92%,3.04%,10.87%,3.7
2002-11-01,187658,78106,109552,741945,199571,542374,3.95,447,52507,46.91,9494,,-0.66%,-9.01%,6.30%,3.7
2002-10-01,294554,97412,197141,1256097,300225,955872,4.26,487,65870,60.91,11515,,-1.01%,-8.34%,3.06%,4.9
2002-09-01,349240,137700,211540,1689112,541397,1147715,4.84,510,72430,75.49,12784,,-0.83%,-8.63%,5.01%,6.0
2002-08-01,386091,188664,197427,1972508,846798,1125711,5.11,528,73129,81.34,12891,,5.22%,3.08%,7.34%,3.8
2002-07-01,341295,159292,182004,1742234,645810,1096424,5.1,521,70823,74.65,12562,,-1.65%,-3.28%,-0.17%,5.9
2002-06-01,333115,131600,201515,1513005,410582,1102423,4.54,505,69510,70.16,12093,,-1.51%,-7.35%,2.73%,6.3
2002-05-01,343188,121905,221283,1412677,361672,1051006,4.12,500,68892,65.15,11626,,1.90%,4.69%,0.42%,6.8
2002-04-01,319497,111517,207980,1269889,332571,937317,3.97,486,66102,63.02,11214,,-7.04%,-15.44%,-1.82%,10.5
2002-03-01,307120,130330,176790,1225963,380425,845539,3.99,461,61165,63.55,10378,,15.11%,27.43%,7.46%,9.4
2002-02-01,192614,88643,103971,817109,216451,600657,4.24,408,57248,50.71,9610,,7.16%,17.49%,-0.31%,4.9
2002-01-01,131589,61691,69898,640902,167702,473200,4.87,377,54079,38.11,9253,,-7.58%,-2.35%,-11.75%,5.9
2001-12-01,149087,75256,73831,620820,203440,417380,4.16,507,53286,37.4,9332,,-10.80%,-7.86%,-13.61%,
2001-11-01,188901,85837,103064,831958,239913,592045,4.4,511,55155,50.01,10085,,-0.10%,18.08%,-11.45%,
2001-10-01,297564,106276,191288,1306374,351321,955053,4.39,534,65593,63.37,12905,,-8.23%,-6.01%,-9.42%,
2001-09-01,352159,150712,201448,1699800,597370,1102430,4.83,558,69962,78.35,13565,,-1.65%,6.69%,-7.08%,
2001-08-01,366949,183021,183928,2020000,868568,1151432,5.5,560,69860,84.91,13832,,3.96%,7.41%,0.74%,
2001-07-01,347012,164697,182315,1819984,704628,1115356,5.24,559,69727,78.41,13386,,5.74%,10.67%,1.65%,
2001-06-01,338212,142047,196164,1585235,469941,1115294,4.69,546,68909,74.23,12711,,3.30%,10.41%,-1.30%,
2001-05-01,336794,116444,220349,1439655,361017,1078638,4.27,542,68351,66.87,12295,,1.52%,10.40%,-2.62%,
2001-04-01,343704,131875,211829,1359881,432287,927593,3.96,526,64363,69.28,11476,,-0.61%,5.22%,-3.92%,
2001-03-01,266795,102272,164524,1132321,290500,841821,4.24,499,56210,64.58,10373,,2.87%,19.23%,-5.21%,
2001-02-01,179740,75447,104293,805542,203294,602248,4.48,483,53188,53.78,9640,,-1.02%,2.01%,-3.10%,
2001-01-01,142384,63178,79206,639780,180571,459210,4.49,474,49417,41.53,9613,,6.99%,24.72%,-3.90%,
2000-12-01,167132,81672,85460,688872,230090,458782,4.1,..,..,46.0,8681,,14.84%,14.00%,15.64%,
2000-11-01,189088,72693,116395,827013,206957,620056,4.4,..,..,58.2,9022,,6.15%,20.19%,-1.07%,
2000-10-01,324258,113069,211189,1360540,343562,1016978,4.2,..,..,69.9,11609,,16.56%,27.72%,11.35%,
2000-09-01,358056,141259,216797,1605867,517179,1088688,4.5,..,..,81.1,12191,,12.14%,20.80%,7.14%,
2000-08-01,352966,170391,182575,1860248,763637,1096611,5.3,..,..,86.1,12259,,8.76%,15.20%,3.36%,
2000-07-01,328171,148815,179356,1689482,629431,1060051,5.2,..,..,78.2,12209,,3.25%,6.10%,1.00%,
2000-06-01,327405,128656,198749,1543923,448471,1095452,4.7,..,..,77.4,11747,,-8.75%,-8.16%,-9.12%,
2000-05-01,331755,105474,226281,1375039,314954,1060085,4.1,..,..,72.4,10816,,4.18%,-0.53%,6.53%,
2000-04-01,345808,125338,220470,1404018,386435,1017583,4.1,..,..,75.6,10768,,19.57%,26.46%,15.97%,
2000-03-01,259342,85775,173567,1195456,280127,915329,4.6,..,..,70.1,9674,,23.33%,12.54%,29.46%,
2000-02-01,181588,73959,107629,856208,207651,648557,4.7,..,..,58.9,9026,,17.01%,7.21%,24.86%,
2000-01-01,133078,50657,82421,667559,173311,494248,5.0,..,..,45.8,8649,,11.17%,-1.20%,20.44%,
1999-12-01,145539,71640,73899,692358,237945,454413,4.8,..,..,49.2,8230,,,,,
1999-11-01,178141,60484,117657,860777,201884,658893,4.8,..,..,61.9,8613,,,,,
1999-10-01,278194,88527,189667,1311808,293536,1018272,4.7,..,..,72.2,10202,,,,,
1999-09-01,319292,116939,202353,1582377,454230,1128147,5.0,..,..,83.4,11275,,,,,
1999-08-01,324545,147906,176639,1903934,709496,1194438,5.9,..,..,88.6,11198,,,,,
1999-07-01,317834,140261,177573,1736970,586947,1150023,5.5,..,..,82.9,9830,,,,,
1999-06-01,358792,140088,218704,1457980,389897,1068083,4.1,..,..,75.9,8860,,,,,
1999-05-01,318446,106038,212408,1307389,274316,1033073,4.1,..,..,69.7,9245,,,,,
1999-04-01,289216,99110,190106,1298886,377482,921404,4.5,..,..,73.7,8774,,,,,
1999-03-01,210285,76215,134070,1026218,267865,758353,4.9,..,..,65.9,7797,,,,,
1999-02-01,155186,68985,86201,758787,234452,524335,4.9,..,..,60.1,7175,,,,,
1999-01-01,119702,51271,68431,653132,201607,451525,5.5,..,..,48.9,6959,,,,,
